{"cameraMode":{"drawMode":0,"name":"Shaded","section":"Shading Mode"},"sceneLighting":true,"audioPlay":false,"sceneViewState":{"m_AlwaysRefresh":false,"showFog":true,"showSkybox":true,"showFlares":true,"showImageEffects":true,"showParticleSystems":true,"showVisualEffectGraphs":true,"m_FxEnabled":true},"in2DMode":false,"pivot":{"x":-0.24213948845863343,"y":0.6236453056335449,"z":-2.456272840499878},"rotation":{"x":0.08096403628587723,"y":-0.6261433362960815,"z":0.06560646742582321,"w":0.7727136611938477},"size":3.228548765182495,"orthographic":true}