{"cameraMode":{"drawMode":0,"name":"Shaded","section":"Shading Mode"},"sceneLighting":false,"audioPlay":false,"sceneViewState":{"m_AlwaysRefresh":false,"showFog":true,"showSkybox":false,"showFlares":true,"showImageEffects":true,"showParticleSystems":true,"showVisualEffectGraphs":true,"m_FxEnabled":true},"in2DMode":false,"pivot":{"x":-0.2630535364151001,"y":-0.033100053668022159,"z":0.2872719168663025},"rotation":{"x":0.08013349771499634,"y":0.8673619627952576,"z":-0.14844177663326264,"w":0.4682263433933258},"size":4.031860828399658,"orthographic":true}