{"cameraMode":{"drawMode":0,"name":"Shaded","section":"Shading Mode"},"sceneLighting":false,"audioPlay":false,"sceneViewState":{"m_AlwaysRefresh":false,"showFog":true,"showSkybox":false,"showFlares":true,"showImageEffects":true,"showParticleSystems":true,"showVisualEffectGraphs":true,"m_FxEnabled":true},"in2DMode":false,"pivot":{"x":-0.11926215887069702,"y":0.8649511337280273,"z":-4.900000095367432},"rotation":{"x":0.14165005087852479,"y":-0.45063555240631106,"z":0.07271139323711395,"w":0.8784321546554565},"size":1.2247449159622193,"orthographic":false}