{"cameraMode":{"drawMode":0,"name":"Shaded","section":"Shading Mode"},"sceneLighting":false,"audioPlay":false,"sceneViewState":{"m_AlwaysRefresh":false,"showFog":true,"showSkybox":false,"showFlares":true,"showImageEffects":true,"showParticleSystems":true,"showVisualEffectGraphs":true,"m_FxEnabled":true},"in2DMode":false,"pivot":{"x":-1.1660000085830689,"y":5.96999979019165,"z":-0.09000000357627869},"rotation":{"x":0.24058330059051515,"y":-0.5006633400917053,"z":0.14716362953186036,"w":0.8184360265731812},"size":0.6081465482711792,"orthographic":false}